EXT1	EXT2	EXT3	EXT4	EXT5	EXT6	EXT7	EXT8	EXT9	EXT10	EST1	EST2	EST3	EST4	EST5	EST6	EST7	EST8	EST9	EST10	AGR1	AGR2	AGR3	AGR4	AGR5	AGR6	AGR7	AGR8	AGR9	AGR10	CSN1	CSN2	CSN3	CSN4	CSN5	CSN6	CSN7	CSN8	CSN9	CSN10	OPN1	OPN2	OPN3	OPN4	OPN5	OPN6	OPN7	OPN8	OPN9	OPN10	EXT1_E	EXT2_E	EXT3_E	EXT4_E	EXT5_E	EXT6_E	EXT7_E	EXT8_E	EXT9_E	EXT10_E	EST1_E	EST2_E	EST3_E	EST4_E	EST5_E	EST6_E	EST7_E	EST8_E	EST9_E	EST10_E	AGR1_E	AGR2_E	AGR3_E	AGR4_E	AGR5_E	AGR6_E	AGR7_E	AGR8_E	AGR9_E	AGR10_E	CSN1_E	CSN2_E	CSN3_E	CSN4_E	CSN5_E	CSN6_E	CSN7_E	CSN8_E	CSN9_E	CSN10_E	OPN1_E	OPN2_E	OPN3_E	OPN4_E	OPN5_E	OPN6_E	OPN7_E	OPN8_E	OPN9_E	OPN10_E	dateload	screenw	screenh	introelapse	testelapse	endelapse	IPC	country	lat_appx_lots_of_err	long_appx_lots_of_err
1	4	1	3	1	1	1	4	2	5	5	2	5	2	5	4	4	4	4	2	2	2	2	2	2	4	4	2	2	2	2	5	4	5	1	5	4	4	2	3	4	1	5	1	5	1	5	4	5	5	3566	2184	1600	1949	1266	2183	2333	1517	3133	816	1016	1103	868	2583	2363	2700	1617	3517	1253	2320	3131	2187	2733	1217	3164	2567	2468	2033	1018	1201	4416	3113	1683	1318	3653	1633	1383	734	1162	2549	1716	2264	2133	4118	967	1250	3016	3304	3796	1081	2016-04-29 16:47:33	1366	768	2	109	84	1	US	40.8424	-73.8556
3	4	4	4	4	4	3	3	4	4	2	4	4	2	1	2	2	1	2	2	1	4	1	5	2	5	2	4	4	4	4	2	4	2	3	1	5	3	4	4	3	2	5	2	4	1	4	4	5	4	8503	7806	2971	701	1982	1788	3838	4065	3634	2079	3160	2067	49810	2279	2327	3135	6303	1967	1801	3535	3490	876	2137	14072	2324	1931	2705	2522	2521	2732	2278	2388	6221	1992	2735	5346	2034	13520	2181	15849	3039	5250	3390	2511	1794	1779	2376	2394	1980	2045	2018-05-28 05:06:05	412	732	6	232	12	1	US	28.1479	-82.0399
5	3	3	2	5	4	5	5	3	3	0	5	5	2	1	1	3	3	1	2	5	3	1	5	1	3	2	5	5	5	3	5	5	1	3	3	4	1	2	4	5	3	5	4	4	1	3	4	5	5	2943	2426	3540	6520	3017	2741	6411	8167	3185	4964	0	1902	1689	46038	5039	2949	4933	4539	4985	2061	2693	7466	15931	2553	3994	3974	3730	3969	3882	27598	6716	4773	4255	3567	5603	4706	6079	32467	4640	12068	2570	3273	6541	5080	1965	3210	4458	2511	2809	4774	2017-10-06 15:28:08	1536	864	2	317	13	1	US	38.0	-97.0
2	5	2	4	3	2	4	4	2	5	2	5	3	1	2	3	3	2	1	5	1	5	1	5	1	5	1	5	5	2	4	2	5	2	3	1	5	1	3	5	5	1	4	1	4	1	5	4	4	5	6219	2373	3471	4970	3195	3327	5740	5090	3603	3592	3227	5245	4113	5375	6740	5843	5708	2819	3409	2158	3004	4226	2830	3044	7668	2555	4407	3093	3268	4782	4564	5210	1794	3736	5354	3767	3390	2290	4273	10468	3329	4244	2798	2067	3125	5244	3228	2473	3257	3338	2018-02-14 09:08:40	1536	864	13	205	9	1	GB	52.7167	-1.3667
2	4	3	3	4	1	2	4	3	3	4	2	4	2	4	4	4	4	4	4	2	4	4	4	4	5	4	2	4	3	4	1	5	3	3	1	5	2	4	4	5	1	4	1	4	1	4	5	5	4	15322	6791	2660	2666	990	5980	3495	2700	5923	2664	5447	4501	2135	7048	2388	2262	4083	2075	1892	1948	6622	2445	4112	2481	2956	1202	2444	2655	4415	3323	3757	3366	3901	2676	4806	5083	1035	2250	2751	2374	966	5311	2818	836	2774	3115	2856	2284	3898	1099	2016-11-07 05:04:28	412	732	8	175	11	1	KR	37.57	126.98
5	1	5	4	5	2	5	5	4	3	2	4	5	2	2	2	3	3	4	4	1	5	1	5	1	5	1	5	5	5	4	1	5	1	3	1	5	1	5	5	4	1	5	1	5	1	5	1	5	5	3128	2089	2053	4010	1771	4361	4779	4128	5915	3100	6651	2970	5380	3105	3101	3577	7102	2140	2440	3174	2644	2406	4296	8741	3632	3511	1554	2205	2222	2951	2436	3477	2424	2193	2427	3625	1689	1721	2924	1822	2774	3077	1939	2807	2340	2724	2641	5916	5682	1872	2018-03-09 07:43:16	1440	900	1	167	4	3	US	41.0051	-73.7846
5	4	4	3	4	3	4	2	3	5	3	5	1	3	3	5	3	3	3	3	3	5	1	3	3	5	3	4	4	4	3	2	1	3	3	3	2	3	3	3	3	4	3	3	3	3	3	4	2	2	9172	5359	6641	4152	3407	6353	7713	3543	9049	3872	12297	3224	3656	2928	2985	6519	6337	3079	2319	3183	7768	6193	3752	2992	3832	3919	3952	5808	3208	6072	6904	5583	5367	5913	5440	5049	2759	5337	3351	4345	2712	3960	5464	2608	2143	3408	3280	4983	4040	3416	2017-08-24 08:59:09	1366	768	9	241	18	2	MX	25.6667	-100.3167
4	3	4	3	3	3	3	3	3	4	4	3	4	2	4	3	5	4	4	3	1	4	2	5	1	3	2	3	5	3	3	4	1	3	4	5	4	3	4	3	4	1	4	1	3	2	5	3	4	4	6555	2684	6136	5898	4367	4463	6851	3316	3796	5500	5512	3452	4601	5449	3765	5663	3754	2252	2882	3984	7200	6082	4360	3404	4230	2450	8515	8283	2620	4300	2636	4634	6949	3365	5051	6803	6613	2684	3998	8200	15066	7167	5302	4417	2589	3750	2050	2467	6783	2967	2016-11-13 06:16:54	1280	960	25	241	16	1	IN	22.5697	88.3697
3	5	2	4	1	5	1	1	5	3	4	2	5	4	4	2	3	3	3	5	2	4	4	4	2	3	1	5	5	5	3	4	5	5	1	5	5	1	1	3	3	5	4	3	5	1	3	1	5	5	19954	3516	7708	5251	4585	3033	7534	4111	6813	7805	1967	4602	4871	4679	11312	9165	3841	2624	4509	4679	7310	8055	5218	2776	7161	3690	4890	3450	3537	6239	16043	8440	26778	2865	9966	10161	5341	5756	4551	8659	4626	17376	3323	4550	775	3708	10395	4197	16884	2139	2018-09-15 12:30:09	360	640	13	346	22	1	ID	-6.1744	106.8294
5	1	4	2	4	1	4	2	4	2	4	2	3	4	4	2	2	2	4	2	1	5	1	5	2	5	1	5	5	5	2	4	4	2	2	5	4	2	4	3	4	2	4	1	5	1	3	3	5	5	2875	1760	3848	2152	4016	1489	2368	1464	2984	1784	1216	3479	4191	2409	2424	2232	4057	3568	2152	1296	2390	1368	1913	1544	4960	1136	1680	2704	2872	2184	3624	1888	2288	1536	1344	1552	1112	3911	2335	2888	2457	2264	2432	2104	2168	2135	3736	2385	1568	1448	2017-03-06 20:17:37	1440	900	2	121	5	2	US	42.9513	-87.9433
1	4	1	5	1	4	1	3	3	5	5	1	5	1	5	5	5	5	5	4	4	1	4	4	5	0	5	4	4	2	5	5	5	5	2	5	5	1	5	5	5	1	5	1	5	1	5	5	5	5	67707	2998	3095	1478	1142	2487	5278	8631	2912	1752	1648	2694	823	2071	2007	3104	1032	39854	1143	1364	3008	1135	2271	3176	3440	0	1174	2570	3150	2632	2096	2147	1433	1161	4871	3465	737	11045	2976	2963	595	2024	706	1322	953	1898	57909	1170	1457	1448	2016-10-21 13:02:59	1680	1050	5	280	8	1	PL	51.7654	16.4847
1	3	2	3	2	3	1	2	3	3	1	4	2	1	3	1	1	1	1	1	5	2	2	4	4	5	4	3	4	4	3	1	4	2	3	3	4	2	2	3	3	3	5	3	5	1	3	3	3	5	11844	5227	10329	8145	7379	8124	6317	22514	10713	11456	6699	13436	11518	10483	7657	8135	5526	5354	4133	4208	19452	11926	8609	16115	24956	5799	11155	28968	16784	12294	26683	28920	11596	11611	12839	14470	15251	35846	6915	100540	7558	13942	20735	11234	7062	6620	7875	27511	27538	3715	2017-04-17 09:19:00	360	640	13	735	20	1	ID	-6.1744	106.8294
1	3	2	4	3	2	2	5	1	3	5	3	4	3	4	3	1	2	2	2	1	3	1	4	2	4	3	4	4	3	3	1	4	3	1	2	3	4	5	4	4	1	5	1	3	1	3	4	5	3	707722	13717	4289	7387	4863	5182	8165	5015	4103	38381	5135	4433	3059	6590	7416	7707	5868	33265	3396	6273	8588	3949	3429	28453	5337	5738	73481	9267	4580	2291	3098	3540	6662	259266	5279	7045	16805	68181	7811	7247	4508	6017	3928	8797	5676	9239	4714	6008	3185	8249	2018-10-29 12:40:40	1366	768	7	1476	19	2	SE	59.3333	18.05
3	1	5	1	5	1	1	1	5	1	5	5	1	5	1	1	1	1	1	3	1	5	1	3	1	1	1	5	3	5	5	1	3	3	5	1	5	1	5	5	5	1	3	1	5	1	5	1	5	5	10940	3332	3968	3119	2335	3232	7031	4400	5483	12249	3632	2982	3133	20850	3230	2833	2266	2667	5334	25166	2148	3282	2516	3233	3427	2699	2750	3415	6484	22814	3551	31176	6450	7681	61955	11036	2151	16898	8949	2649	1851	3999	16946	8813	3717	2316	3368	4232	23031	1868	2016-06-03 02:24:39	1366	768	3	405	20	1	BA	44.0	18.0
2	2	2	3	3	3	3	4	2	4	4	2	4	1	3	4	2	3	2	4	1	3	2	5	2	4	2	5	4	3	1	5	3	5	1	5	2	3	4	2	4	1	4	2	3	3	2	3	4	2	3225	3150	1716	5223	2851	2151	3787	3034	3150	2352	10371	2634	32188	6617	3084	1884	3284	2115	1800	5635	3001	5234	3535	3797	2036	1786	2464	11018	4350	2616	3067	3035	2350	1083	2463	3298	1916	3104	3817	3034	2750	4568	1700	4534	3084	2067	3685	5434	3483	865	2016-10-03 15:16:05	1440	900	4	227	12	1	US	42.3194	-83.2679
3	1	5	3	3	1	4	2	5	4	1	5	5	1	4	2	3	1	1	3	1	5	3	5	1	5	1	5	5	5	3	5	4	5	2	1	3	3	3	3	4	2	4	2	4	1	4	3	4	5	5507	2989	6443	4264	3342	2491	5113	2278	2066	2532	2908	2077	2026	2167	4202	2005	8912	1771	1589	1954	2706	2076	1206	2075	2573	1923	4040	3766	2369	2015	1996	3901	1783	1510	2936	4223	3603	2734	1377	3655	2533	3769	6148	2856	2329	1711	1519	3312	3625	1873	2018-01-10 12:08:50	1366	768	8	150	23	1	US	42.1827	-80.0649
1	2	1	4	2	2	2	4	2	4	4	1	5	2	4	5	5	5	4	4	4	3	4	3	3	3	3	3	4	3	3	1	4	4	2	4	3	4	3	3	4	1	4	1	3	2	4	4	5	4	5311	1333	2734	2611	2043	1734	2626	3495	2742	2008	3334	2241	1826	1426	2698	1501	2191	1798	1024	1317	17050	2569	2542	2406	3807	4849	2548	5372	5408	2851	1876	25946	2508	2839	27571	3700	2810	15903	2010	1799	1092	2755	1769	2274	1579	2457	1333	2285	2726	1049	2018-04-23 01:55:16	375	667	485	478	15	1	IT	42.8333	12.8333
3	4	4	5	3	2	1	4	2	4	3	5	4	4	3	1	3	4	2	2	4	5	5	4	2	4	2	2	3	4	5	2	2	3	2	4	5	4	4	4	3	1	4	3	4	2	5	3	3	3	13203	3706	4185	3821	3634	3451	2984	5919	5980	15485	7150	2254	2404	4712	3322	4071	6011	3706	797	5084	39154	2389	12231	2319	5688	17083	2985	4512	7254	10351	5740	5486	5034	2382	3965	8012	2152	5701	9295	901	5733	3866	3727	5133	2464	4352	1184	4251	2888	1952	2018-03-27 02:29:55	320	568	3	293	15	6	GB	58.4667	-6.2833
1	5	2	5	2	1	1	2	4	4	4	2	5	3	4	4	3	3	4	3	3	2	4	4	3	3	3	2	3	2	5	2	5	2	4	3	5	5	4	5	5	1	5	2	5	2	5	5	4	5	6199	3420	6366	1983	5618	4434	7584	4768	2767	4118	6617	5000	2434	6235	3367	3067	4818	2237	3001	4419	11934	7232	8835	11972	3685	2150	2301	1900	2966	3650	4333	10551	18834	6509	3934	7202	2482	3033	2534	2167	10068	10453	2201	5204	3118	3717	2867	5314	3133	1848	2018-10-14 18:51:38	1440	900	19	256	24	1	CA	45.3155	-75.837
2	3	4	2	3	2	2	2	3	3	2	3	4	2	2	2	2	2	3	2	1	3	1	4	2	4	2	3	1	3	4	2	4	2	4	1	5	2	4	3	3	2	4	2	5	2	1	2	5	3	21712	3538	9668	9199	4372	7246	1129	4766	2936	2551	7671	2435	5032	5478	22700	5894	5532	3494	5284	8883	8367	1144	2920	3616	6026	7465	4309	8383	3559	3684	9367	8429	7478	9990	3517	8443	2859	4163	7163	5996	7302	4650	3592	7124	6233	9704	4425	2494	5051	889	2018-02-20 11:29:34	1920	1080	735	309	21	1	GB	51.5	-0.13
4	2	5	4	5	1	3	3	4	2	1	5	1	5	3	1	1	1	1	1	1	5	1	5	2	3	1	5	5	5	1	3	5	4	1	5	1	4	1	3	2	2	5	1	4	1	4	1	5	4	5058	3288	4455	5778	1486	4020	14161	6887	13309	2692	2130	3845	2221	2067	3417	4426	8517	6411	1115	1887	1620	1680	4217	1392	10361	1381	4084	3333	2138	1831	3296	4078	1538	6023	1570	2773	2066	9269	3106	12441	5985	2948	1630	2693	2210	1146	2045	1170	1477	1010	2016-03-06 19:16:53	1440	900	11	199	31	2	US	39.1222	-76.9943
1	4	1	4	2	2	1	4	3	5	0	2	5	1	2	5	4	4	5	5	1	4	2	4	2	5	2	4	4	4	1	4	2	4	2	5	3	5	1	5	4	2	5	1	4	1	4	4	5	5	5345	3334	2082	2497	1846	2810	5556	4112	4052	1659	0	8891	4816	20401	1822	1104	3687	2008	1956	1488	5290	6187	3820	4232	3718	1519	5969	8697	6040	6086	2512	2621	3593	2648	5224	7659	9121	17966	2942	17108	3813	6542	1889	4376	2004	1745	4100	2080	3090	1321	2018-08-16 07:23:55	1366	768	4	238	20	1	AU	-37.8495	145.1114
3	1	5	2	4	2	4	2	4	3	3	2	3	3	3	2	2	2	2	2	1	4	1	3	1	5	1	4	5	3	4	4	4	2	2	4	3	2	2	4	4	1	5	1	4	1	4	4	4	5	8167	1244	3573	5311	2296	2018	2157	5842	2686	5622	1546	1714	1630	3218	2323	2940	2713	1534	2582	3546	863	1836	2133	4138	2623	1729	2149	2768	1746	1678	2934	2171	1685	1901	2562	3702	1403	1501	1589	1028	1640	2218	4063	3735	1650	1362	1732	3168	1903	1178	2016-10-24 18:29:51	375	667	45	129	10	1	US	38.0	-97.0
3	2	4	3	5	1	2	5	3	3	2	2	5	2	4	1	2	1	3	1	2	5	2	1	3	2	2	3	3	4	4	1	4	2	3	3	5	3	5	3	3	2	4	2	5	1	3	4	4	4	5317	3649	7470	3697	4418	1132	3643	6318	4085	3460	5612	4320	3818	5803	3435	3585	3626	2584	3115	817	9837	2800	5031	6390	4242	2617	3818	4830	4533	4197	3249	4633	3201	4820	3234	7528	2921	13418	1799	8381	4466	4885	3849	3758	4100	2902	3041	4732	4700	3691	2017-02-08 09:32:24	768	1024	5	222	12	55	US	42.197	-88.0934
4	3	5	4	5	4	5	5	4	2	1	3	3	1	1	1	3	1	1	0	3	4	2	5	5	5	1	5	5	0	5	1	3	1	1	3	4	3	3	5	3	4	4	4	5	5	5	3	3	5	7905	3099	6543	5534	6314	4102	2481	3019	4419	10355	3559	2693	1801	2939	3370	4024	2718	3159	2231	0	5786	2776	9664	5462	4298	4576	7124	5883	6917	0	2676	3885	2426	3473	1135	4044	2513	1746	812	4417	2905	1152	2195	2882	8421	1484	2585	2976	2779	7488	2018-10-31 08:30:01	375	812	4	196	17	53	US	32.7776	-83.6802
3	4	2	3	2	2	1	5	2	5	4	2	3	3	4	4	3	2	4	3	4	3	4	2	3	3	4	3	2	3	3	3	3	3	3	3	4	3	3	3	4	4	4	4	4	2	3	2	2	3	16188	3845	6640	5022	4318	5137	4336	5605	4101	3669	3224	2520	4220	4952	4771	2569	2105	4972	3233	27889	7287	3204	3907	4321	5415	3242	11196	4534	2574	14072	3535	8576	4295	3002	3568	4343	3138	2827	2874	609	3791	5857	3519	4045	2186	5806	3527	2530	3688	4663	2016-12-20 11:00:29	1280	1024	9	257	17	1	MX	19.43	-99.13
3	1	2	3	4	4	5	4	3	4	5	4	3	3	2	3	2	4	4	3	4	4	5	4	5	5	3	3	4	3	4	3	5	4	4	3	5	3	3	5	1	2	5	2	3	2	3	2	3	4	18695	7367	20937	5467	4006	4103	791	14284	1022	7670	4588	151275	5475	4906	6484	3318	4197	3894	4060	3635	7732	6331	3487	4933	4188	3771	3492	10988	12402	14590	633	1300	4863	3903	3424	5828	2593	3355	3224	873	2107	4523	3641	4431	4433	10078	4210	6492	3911	2832	2017-03-04 13:25:38	360	640	105	426	18	1	MX	17.8833	-91.4667
2	3	2	4	4	2	2	4	4	4	3	3	4	1	4	4	4	3	2	4	1	5	1	5	1	5	1	4	5	3	4	2	3	2	3	2	3	2	3	3	4	2	5	2	3	1	4	4	5	5	4381	10608	21708	3167	3559	2321	2673	1798	7792	1971	7428	9024	4167	8530	5105	1838	3859	5072	2864	1236	4329	1702	1636	1283	6914	1708	1972	3208	1387	3040	3465	3859	4665	3792	3546	6732	10619	3418	3557	2310	1875	3950	5501	2526	2422	2557	2109	1486	2222	1419	2018-03-09 19:43:54	1280	800	20	209	9	1	US	38.0	-97.0
3	3	4	4	4	2	3	3	3	3	4	3	4	2	4	4	3	3	4	3	2	4	4	4	2	3	2	3	4	4	4	2	4	2	4	2	4	2	4	4	4	2	4	2	4	4	4	3	4	4	6246	2324	7750	4219	1563	3322	4883	5460	851	5347	2283	4157	2129	3200	3928	2217	3435	3652	2615	856	3346	2034	1781	999	5287	4008	2565	2939	4143	2660	2406	4422	4985	4799	2428	2617	1934	2733	4202	2895	2528	967	2488	5571	1795	1970	2551	3472	2219	5347	2018-10-30 13:19:44	320	568	17	164	14	1	CA	45.3155	-75.837
2	3	2	4	2	4	2	2	4	5	5	3	5	2	5	5	4	4	5	5	3	3	2	3	3	4	2	2	3	4	2	4	4	2	1	5	4	3	2	4	4	2	4	2	4	3	5	4	4	4	3857	1265	1598	5779	1406	1186	2431	3051	1649	2553	6960	3500	1039	1599	1688	1102	1851	1383	2411	1049	9605	1700	1687	1056	2366	3647	2623	2170	1352	1458	5724	2086	1376	3199	1510	996	931	2066	1635	2660	1811	1449	2183	1648	2348	2564	882	1049	2151	2566	2017-01-05 14:38:04	320	480	10	118	7	1	US	38.0	-97.0
4	2	5	3	4	2	4	3	3	3	2	5	3	4	1	2	1	2	3	1	2	5	2	5	3	4	2	4	4	5	1	5	4	4	1	5	3	1	1	3	4	1	5	1	5	1	4	1	5	5	34326	17397	8182	676	6385	20053	4286	5361	7768	3357	10782	5117	9135	21645	20384	10712	5106	2226	18490	25288	13597	6912	11744	22176	14362	1326	23565	4432	6426	8378	5244	7654	9974	16051	6991	5385	988	2840	5580	16642	9233	9865	8215	10119	3894	4340	6191	3046	10434	10077	2018-05-25 14:40:39	360	640	7	513	12	1	GB	54.9738	-1.5727
3	2	4	3	4	2	2	4	4	3	2	4	2	4	1	2	2	2	4	2	4	4	3	4	3	2	2	3	3	4	4	4	3	2	3	3	4	2	2	3	3	2	4	2	3	2	4	2	5	4	19098	2150	14225	6452	1473	2874	4059	4950	3238	4772	20299	2227	2008	2427	17327	2407	4368	3157	1920	2109	3595	2427	8583	1644	3087	2663	6155	2801	5407	5819	3008	2607	1992	3189	3467	6203	1734	3202	2484	6503	1702	3387	2723	2548	3701	3135	2784	36833	4418	3884	2018-06-20 19:34:53	1366	768	56	265	8	1	US	38.0	-97.0
3	5	4	3	3	3	4	5	4	3	2	5	5	5	3	3	4	3	2	1	1	4	1	5	3	5	2	5	4	4	3	3	5	1	2	4	4	1	4	4	4	1	4	1	4	2	4	4	5	4	5181	2552	4280	12818	9587	3595	6263	2330	4543	6559	3665	6577	2167	5878	7242	4324	13595	4417	2143	3044	6545	4841	7152	8054	6680	2127	4592	2279	13938	17149	1934	2531	1767	879	5645	5339	3163	18072	3329	6134	9353	6995	4335	4199	2398	5394	4086	1870	3776	1880	2017-09-18 06:42:20	1280	1024	2	279	10	136	US	36.8463	-76.0979
1	3	3	5	1	5	5	5	1	5	5	1	5	1	3	3	3	3	5	1	5	3	3	5	1	5	5	5	5	5	5	1	5	1	3	1	5	3	5	5	1	1	5	1	5	5	5	3	5	5	8428	2692	2794	1908	1296	1972	2409	6171	2781	5989	2492	3050	1832	1490	1668	3236	26171	1871	2724	14174	3312	2478	2794	2236	1771	1762	7023	3298	3311	8598	3260	3428	4308	7730	3841	5564	17016	2165	753	2056	3437	2600	1420	1536	2894	3269	14029	3311	1840	1622	2017-10-16 23:03:01	1366	768	3	221	8	1	CA	45.3155	-75.837
3	1	5	3	5	3	2	3	3	3	5	1	5	3	5	5	5	3	5	3	5	5	5	5	1	3	1	3	5	3	3	5	5	3	3	5	3	3	5	2	1	5	3	5	3	3	4	1	3	3	9651	9269	5459	6467	5179	6513	10621	5928	14153	5823	4969	10364	5656	5722	5403	6876	5579	6201	6352	4501	5213	5599	5247	5239	6929	4625	5665	4873	4951	6253	5257	8991	6300	7051	8819	6149	7035	5216	6805	9892	7919	10317	7769	6183	7788	6485	6313	7527	6676	4320	2017-01-21 03:00:34	480	855	5	351	12	1	PH	14.5833	120.9667
2	2	3	4	4	2	1	4	2	5	4	3	4	2	3	3	4	3	4	4	4	4	2	4	2	4	2	4	4	3	3	5	4	3	1	5	3	3	3	3	4	2	5	2	5	1	3	2	4	5	6122	1480	2347	2785	2630	3389	4499	7254	4665	4969	1800	3837	2016	2766	5201	2405	4938	2054	3116	2259	1382	2309	3223	1714	5648	5610	7382	3088	3751	1947	3819	3837	4256	3769	2298	4733	2795	3535	6369	1432	2367	4236	3283	3613	2493	3604	4938	4100	2783	21962	2016-08-03 07:39:46	1366	768	11	207	91	2	US	44.2601	-72.5754
1	2	3	4	3	1	2	5	2	3	3	1	4	1	1	2	3	5	1	5	2	2	2	2	5	3	4	3	2	4	1	5	3	3	2	5	3	3	2	3	5	1	5	1	4	1	4	5	5	5	6310	5820	4449	5197	4256	3506	4760	1622	2478	2164	2609	1995	2832	2744	2834	1800	4468	3740	1884	10085	4259	2603	2213	3375	2753	3799	5402	3519	5038	1994	4594	2540	4085	1918	3001	2272	2501	2186	3152	2190	3695	3378	1596	1474	2573	2101	2283	1182	2986	840	2018-08-01 06:30:35	1920	1080	15	162	13	1	US	42.734	-87.8211
1	4	3	5	2	3	2	3	3	5	3	3	3	3	5	2	3	2	2	2	2	4	2	3	2	4	2	3	3	3	5	3	3	3	3	2	5	2	4	4	4	3	2	2	4	2	3	3	3	4	5666	2320	2401	4471	5513	2144	3375	2998	4567	5656	2288	5175	3185	3920	2512	2072	3688	2521	2400	3352	4367	1728	2144	3921	3464	4152	3920	3152	1871	3872	4104	3120	3079	4289	8975	7527	2873	3808	3018	3360	2800	5888	3425	2855	3248	9146	2233	10152	3127	5816	2018-09-10 14:13:41	1536	864	9	205	14	1	CA	43.2604	-79.8961
3	3	3	3	2	3	2	4	4	5	4	1	5	2	4	3	4	2	5	4	2	2	3	3	3	3	3	3	3	3	5	3	2	3	2	2	4	4	5	3	0	2	2	3	4	4	4	3	3	3	12222	2816	10769	2256	6136	2888	3424	3344	5680	3967	1992	3376	2440	2512	2929	2280	4607	2049	3568	1680	5416	2216	2616	3072	5536	1880	4496	2416	4064	2488	3919	3184	2920	9968	5216	3504	2713	2904	3792	2224	0	1807	2608	3153	2583	4248	2752	6511	4673	1496	2016-09-24 10:20:56	1920	1080	16	188	12	1	US	36.4907	-82.62
4	1	5	2	5	1	5	2	4	2	5	2	4	3	1	4	4	3	4	2	1	5	3	4	1	3	2	4	3	4	2	4	3	3	2	4	3	4	3	3	4	2	4	2	5	2	4	2	4	4	8760	2056	2215	2455	1187	1860	3928	3880	2706	4511	2298	2936	2270	3749	2626	6918	5372	2116	1418	1892	3979	3750	10002	3292	9805	1790	4420	3247	6822	3161	2602	4049	5171	3676	3873	2124	1420	4622	850	6980	1560	3633	1935	4525	4163	4176	3560	4380	2345	1150	2016-06-22 00:22:02	1280	800	8	184	16	1	US	37.6624	-121.8747
4	1	5	1	5	1	5	2	4	1	4	4	4	2	4	1	1	1	2	1	1	5	2	5	1	5	1	5	1	5	4	3	5	1	3	2	3	1	2	4	5	5	5	1	5	5	4	3	5	5	5969	1738	1466	1850	2706	2024	2510	4023	4363	1513	4076	3735	6082	5730	3286	13512	10713	1411	5564	5162	1867	2238	4144	2975	8952	4478	2546	4749	1815	1896	5456	5639	2220	1841	4090	5232	3686	1748	3842	4400	1916	4999	2243	4352	2167	2002	22406	2571	2039	1410	2018-07-25 13:23:08	1440	900	12	209	10	1	US	37.7749	-122.4194
3	2	4	2	4	3	4	3	4	3	4	3	4	2	4	3	3	3	4	3	2	4	2	4	2	4	2	4	4	4	3	4	3	3	2	5	2	3	4	3	2	3	1	4	3	2	2	2	4	3	4958	6440	2652	2957	2597	4756	3515	3137	4812	2028	2260	2885	1363	3013	4058	5314	3175	1843	3423	5474	4707	3129	2544	3081	3089	3859	5353	3193	3787	2463	2969	2696	3730	3979	3153	2961	1558	4351	3730	4497	3354	5874	2432	5698	2597	3352	4491	4196	2095	917	2018-09-02 09:00:54	1440	900	4	176	13	1	US	38.0	-97.0
3	2	3	3	4	3	3	3	4	3	4	3	4	3	2	3	4	2	3	3	1	3	2	2	2	5	2	4	4	5	3	2	3	2	3	3	4	3	2	3	3	3	4	3	4	2	4	3	5	5	7972	4492	4502	4852	5467	654	3948	4315	3701	9091	8167	6357	4348	3616	4024	3487	5067	4285	5459	3426	6120	3150	3692	4084	4560	2696	5046	1112	4466	4882	6775	4601	3603	4800	3643	6014	5165	20389	5117	9526	140552	9526	4057	3550	8109	5194	3784	6533	769	3116	2016-12-04 10:40:01	320	568	26	396	20	1	US	32.4285	-90.1323
2	2	4	4	4	1	2	2	4	3	3	3	4	4	2	2	3	2	4	2	2	4	4	1	5	1	4	4	1	3	4	4	4	2	2	2	4	2	2	5	5	1	4	1	4	2	5	4	4	4	6212	5759	5538	2262	5811	3436	3967	3897	2655	6921	6682	6892	2615	5834	3498	2696	4719	3136	2677	2655	11958	7478	5288	5112	12122	4547	6112	3994	2175	6064	11342	4579	8094	4708	5780	3826	4477	4832	2933	3875	1585	10252	4339	3087	3608	2878	4649	3086	8975	2294	2016-05-24 09:21:12	1600	900	4	253	11	1	US	38.0	-97.0
5	2	3	3	4	1	5	3	3	3	3	3	2	4	2	2	1	1	2	3	3	4	3	3	2	2	2	1	3	3	2	5	2	3	1	5	4	3	3	4	5	1	4	1	5	1	4	5	5	5	4462	3389	5079	3432	2504	2556	6358	4656	3027	3318	2317	9128	3482	6123	2004	3832	2354	1413	2972	6768	6360	3233	7242	7556	3254	2120	3236	20461	3344	5344	2370	3961	3324	3129	3030	4120	2754	4350	2133	23442	4798	1087	1776	2276	2729	3818	2024	2483	2334	1336	2018-06-14 15:06:13	1280	800	119	221	17	1	HU	47.6	19.0167
2	3	1	5	2	4	1	5	1	5	4	3	5	4	3	4	3	2	4	4	1	3	1	3	2	5	2	3	3	3	3	5	2	3	1	5	4	3	3	3	3	3	3	1	2	3	2	1	4	3	12385	6099	11461	4003	5867	3661	4031	3803	4467	3733	4670	3655	4634	9417	4893	3825	4564	5540	3412	3398	6395	10551	3014	1071	6251	6936	4120	4402	5568	4498	4133	10021	5445	33070	3046	4978	2751	4341	5876	4084	2378	7888	4746	3592	3241	8523	3597	3277	3078	2104	2017-06-23 01:04:13	360	640	30	282	16	1	US	36.1467	-95.9045
4	2	5	2	4	2	5	2	4	2	1	5	2	2	1	1	2	2	1	3	1	5	1	5	4	4	2	4	5	5	4	5	5	3	2	3	3	4	3	4	4	2	5	1	4	1	4	2	4	5	6317	7918	6861	3587	5562	2447	3666	2637	4792	2488	6754	3169	3188	1958	8206	1716	2480	4179	3783	4162	3305	4506	2122	2396	9064	2217	6014	5449	2019	2825	980447	5075	4328	4230	19158	6746	2356	6538	3171	4325	3544	7303	1895	4960	4314	1883	2466	3937	2563	1790	2018-08-30 11:59:54	1920	1080	4	1198	12	1	US	26.3033	-80.2276
1	5	1	5	1	5	1	5	1	5	5	3	5	5	1	5	3	3	5	5	1	1	5	1	5	5	5	1	1	1	3	3	5	5	1	1	1	3	1	1	1	5	1	5	1	5	1	1	5	1	9117	2883	17855	3011	2642	1362	5984	2817	2283	3010	1243	3793	2691	3284	3191	2394	3014	2243	1248	2949	2926	2276	3709	2022	1123	6134	748	3666	1383	2995	3537	5507	964	3838	5881	3085	2528	5698	2921	2177	3651	2471	21844	3020	1968	4340	4093	3388	4224	804	2017-12-16 18:46:52	360	640	6	192	13	1	CA	45.3155	-75.837
5	1	5	1	5	1	5	1	5	1	5	4	5	2	4	5	3	0	4	1	5	4	2	5	1	1	1	4	5	5	4	4	5	3	3	3	4	1	5	5	1	5	4	3	4	1	3	4	4	5	15585	3091	4982	6829	2724	7011	16941	3459	3294	4668	1479	4915	10521	4049	20369	3732	21231	0	7128	942	1067	4984	6283	3873	4836	1117	3491	6965	4703	5089	17200	10500	3780	5940	8682	27091	5165	4871	11457	8249	7288	6680	4635	9708	864	3167	9781	6148	4182	3995	2018-09-30 18:19:34	375	667	6	372	16	5	US	41.2404	-75.9446
4	1	5	2	5	1	5	3	4	1	4	2	4	3	2	2	1	1	4	2	2	5	3	4	2	3	1	2	3	4	3	5	4	3	5	5	4	1	3	4	5	1	4	1	5	2	5	4	4	5	6392	5400	3150	4565	3004	2863	4068	6419	3649	4813	3237	4033	3751	5964	4261	5050	3004	1434	3750	5634	5475	2550	5667	3605	4233	1447	3483	3296	3902	995	3154	6449	4733	8379	3270	6600	4881	2335	5231	3981	3453	3368	4335	4184	3126	4715	3267	2548	4090	2770	2018-05-22 18:30:19	375	667	10	206	18	1	US	42.2959	-71.7129
2	4	2	4	2	5	1	4	2	4	4	2	4	2	5	2	3	2	1	4	2	2	1	3	4	2	3	3	2	4	4	4	2	2	3	1	5	2	3	4	5	1	4	1	4	2	5	4	5	5	10396	4198	4186	3445	5190	12546	5438	17038	4987	6455	4471	7662	17017	4603	6747	3881	2840	4605	5292	3514	5805	3192	3714	9490	8703	9069	17402	8431	4790	12344	5059	9191	21872	2937	5962	3513	5461	7339	5156	4435	3024	3827	2539	3597	10153	7996	6136	6857	10415	3562	2018-03-22 15:31:17	412	732	13	350	13	1	US	38.0	-97.0
2	4	3	4	2	4	2	5	3	4	4	2	4	3	4	2	2	2	3	2	2	3	1	4	3	4	3	4	4	4	4	2	4	1	3	2	4	3	4	4	2	4	3	3	2	3	2	1	4	2	11833	3319	4039	3656	2543	4962	6661	5547	8697	3465	2858	3296	2464	5321	3364	2476	3499	3286	2745	3442	15986	3746	4624	3319	3982	2632	4174	4489	19947	3173	5749	4411	3454	5839	3375	10789	2115	5062	4477	5479	4511	5917	2723	4118	3060	5298	3937	7492	5187	2757	2017-05-21 17:36:15	1920	1080	3	251	33	1	US	37.2555	-121.9245
1	4	3	5	2	2	2	4	2	5	2	2	4	1	2	2	2	2	2	4	2	4	1	5	2	5	1	4	5	2	4	4	4	4	4	4	4	1	4	4	3	1	5	1	4	1	5	4	5	5	4904	7022	6334	2583	2843	5600	3186	3698	6752	1103	3685	3918	3859	2713	6448	3490	2602	2052	1981	3247	5600	1163	2300	1777	3924	2151	3231	4334	3099	4768	3933	4118	4593	3627	3136	4837	1684	2231	3085	6050	4998	4247	5915	4316	1717	4589	2984	1999	4332	3870	2018-09-23 06:00:02	375	667	6	190	19	1	US	38.0	-97.0
2	2	4	2	4	1	4	3	4	3	2	5	3	1	4	2	4	2	3	5	2	4	2	5	2	2	2	4	4	3	3	4	5	2	1	1	3	2	1	5	5	1	4	1	4	2	5	5	4	4	8238	2342	1105	1971	1395	309	2301	2598	1482	1620	2201	3531	5946	1741	6851	3426	1618	1927	4513	1539	1985	910	2948	3011	3500	7370	1341	3764	3381	1820	2332	2385	1550	942	2096	6872	4531	2788	3345	2746	987	1467	1982	1386	2044	2308	1258	1808	1736	1168	2017-12-23 00:55:29	486	863	6	134	4	1	US	39.6603	-104.8438
2	3	2	4	0	2	2	4	2	5	4	2	4	2	4	4	4	4	5	4	4	1	3	2	4	3	4	2	1	3	1	1	5	3	1	3	4	4	4	3	4	4	3	2	3	3	2	4	4	3	6393	6488	10880	3254	0	2426	5150	4961	3582	3682	2103	3792	2753	2965	3128	3284	3530	3424	6538	2807	4950	2299	2935	5117	5363	2473	4343	3307	3433	2819	3675	6018	3351	2588	3634	7551	1887	26564	2522	29823	5084	4302	2494	3646	7039	6530	3197	2704	8471	1945	2017-08-06 06:18:59	1920	1080	4	252	13	1	DK	55.3935	10.3949
3	2	3	4	4	2	2	3	4	4	4	5	3	2	3	4	3	3	2	5	1	5	2	5	5	5	1	5	5	5	3	4	2	3	2	2	4	3	4	3	3	4	5	2	3	2	2	4	3	4	17389	6149	3666	3851	7701	3833	6967	8752	4385	4183	3102	4283	3333	12082	8266	4432	3135	3434	4452	3923	4028	5535	4120	4381	2800	3435	5057	4565	5149	7900	3792	4616	3701	3635	2619	3833	3309	10869	3600	5696	4800	5400	4049	4067	2882	3468	9716	5114	4132	6017	2018-02-07 15:31:53	320	568	6	261	8	1	US	38.0	-97.0
4	1	5	1	4	1	2	1	4	2	2	5	1	5	2	2	1	1	2	1	2	5	2	4	1	4	1	3	4	4	3	2	5	1	2	2	3	2	2	4	5	1	5	1	4	1	5	5	5	5	14798	3333	2951	2930	2122	2488	6565	2596	4051	4990	4181	3100	2798	3090	4704	3574	7555	2353	4472	1989	9840	3818	3404	2559	6581	2886	2804	4603	5345	3459	4493	6448	2504	5671	3689	8256	7040	4273	3900	5143	9028	6548	2225	3001	2254	3503	4104	2565	2653	1790	2018-02-12 02:25:32	393	742	7	221	12	2	GB	51.5	-0.13
3	3	3	3	3	3	2	3	4	3	2	4	4	3	2	2	2	2	2	3	4	3	2	3	2	2	4	3	4	3	2	4	4	2	4	2	3	3	2	4	4	2	4	2	3	3	4	3	4	3	31312	10678	14590	8404	5063	6574	6457	3969	4247	7619	6450	3406	6333	6111	3967	3657	3168	3983	4383	2602	15653	5127	18473	7143	6866	6760	4982	6050	9157	8239	9504	12665	4040	3293	7694	8420	9994	5581	3786	11811	3583	6640	4371	16335	8435	3651	3910	3938	5055	3457	2018-10-10 18:03:59	412	846	55	369	9	1	RO	43.9833	25.3333
1	5	3	4	2	3	2	4	1	5	3	4	4	1	2	1	1	1	1	3	2	2	1	4	2	4	3	4	3	2	3	2	5	3	3	1	5	1	3	4	4	1	3	1	3	2	5	2	5	4	5818	3081	3856	2089	2744	2343	2744	2573	2816	1616	2713	1543	1824	2704	4192	1504	3248	2024	3152	6775	2079	4512	2536	1311	2968	9040	3008	5344	3535	2952	1423	4544	3976	3846	2016	1968	6345	12992	3345	2472	3367	3465	4671	2840	2617	3008	6223	4984	2327	2145	2018-10-03 13:07:52	1680	1050	4	176	19	3	NZ	-39.4833	176.9167
5	1	2	5	4	4	3	1	5	4	5	3	5	5	5	5	5	5	5	5	3	5	5	3	3	5	3	3	4	4	4	5	5	5	3	1	5	3	1	5	3	4	2	1	4	1	4	3	5	4	106886	3945	2234	4997	4198	1747	5092	3600	5206	6933	1653	3085	1830	10200	4472	4806	1213	2321	1444	6185	5013	3112	4402	4501	4549	2731	4300	3252	3594	986	4208	4734	2919	3858	4019	10704	2180	5604	2344	2950	3035	6657	3721	3352	2406	2834	2842	4993	2157	1824	2016-12-02 20:38:23	NULL	NULL	NULL	333	173	1	CO	4.5981	-74.0758
2	4	4	4	2	3	4	3	3	3	1	5	2	5	3	1	1	1	2	1	4	4	1	4	2	4	2	4	4	3	2	2	5	2	3	2	4	2	4	0	4	2	5	1	4	1	4	3	4	4	4480	1875	1576	2750	1097	6010	2770	2571	3658	2153	1805	1635	1505	2711	8708	3179	2731	3916	1425	6047	1682	1436	1784	2063	4544	2451	2900	7095	1504	2709	3417	5190	5462	3278	19048	6795	2971	3100	5630	0	2212	4890	2400	6984	2729	2392	4095	2392	2194	2134	2018-04-09 05:04:09	1280	720	417	180	9	3	DK	56.17	10.0426
4	3	5	3	4	2	4	2	4	2	4	2	4	2	3	4	4	2	3	4	5	4	1	4	2	3	2	4	5	4	4	2	4	2	4	2	3	3	5	3	4	4	5	1	3	1	4	4	4	5	4328	2784	3024	2528	2033	2608	2432	3680	2208	2786	2232	3935	1952	3480	2760	2322	2000	3632	2192	2696	2521	1920	4656	2888	3055	4176	3752	2128	2400	2718	1320	4337	1736	2992	2208	5120	1744	2472	2400	4408	2200	2919	1456	2968	2415	3246	2744	4383	2312	1857	2018-01-11 10:33:37	1024	768	1218	142	14	131	US	30.3505	-89.1528
3	2	4	2	4	1	4	3	2	3	1	4	3	4	2	2	2	1	2	1	1	4	1	5	1	4	2	4	4	4	3	5	3	3	2	5	2	2	4	3	4	2	4	2	4	2	4	3	4	4	25694	2740	2550	2441	1958	2492	2199	2708	2756	3114	3405	2558	3374	2253	2398	10436	2188	3002	27255	2208	3350	3387	2056	5965	3382	2142	2200	2356	2780	2384	4276	3745	3852	5897	2482	2476	1876	3228	5520	1978	2592	3030	1964	3341	2902	1732	2756	2794	2414	1266	2018-02-07 16:05:25	1280	800	20	200	10	1	US	35.2784	-93.1338
2	2	4	3	2	3	2	3	4	4	2	3	3	2	2	2	4	2	2	2	1	4	1	5	2	5	2	4	5	5	3	2	3	2	1	2	3	3	3	3	5	1	5	1	4	1	4	4	5	3	3570	5276	6757	3983	3231	2584	2734	4301	11064	3259	5683	3693	3402	3591	6703	7490	5851	5240	2885	5646	2183	5089	3636	3122	10686	1201	3332	2453	886	4998	6864352	4841	4484	4785	3834	6912	3967	2956	2549	4088	2304	1559	5336	2385	4550	3282	2535	1270	1607	3725	2018-07-06 18:52:58	414	736	16	7067	8	7	US	34.0453	-118.2413
1	5	3	5	1	5	1	5	1	5	3	5	1	3	5	3	3	3	3	3	5	3	4	1	5	1	5	1	1	3	3	5	5	3	1	3	4	3	3	3	4	3	5	4	4	1	3	1	3	3	5824	3947	6020	3420	3316	5167	7939	4524	5285	8442	5290	4318	5498	4625	9922	5604	5720	3598	5236	5584	14705	4814	4721	3356	16601	3811	4590	5550	2574	5125	4504	6279	3501	4912	3653	9880	4546	5345	3757	10606	9824	6889	5008	4197	10451	14485	3389	4974	5537	2650	2016-08-03 08:56:00	360	640	15	301	12	1	IS	65.0	-18.0
2	4	3	3	2	3	2	4	3	4	4	4	2	2	4	3	3	3	4	3	4	2	2	2	4	2	4	2	2	2	4	4	4	2	1	4	2	4	2	4	4	2	4	2	4	2	4	4	4	5	4802	2032	2136	3297	2695	3714	2505	3794	1776	2751	2381	4333	1510	20576	3308	3908	2010	1241	1863	2256	5136	5509	3961	3419	2316	2626	2725	3235	1932	3369	1886	4684	2339	2462	3524	7757	2465	11958	811	5039	1128	2326	2594	3914	786	2499	8264	4316	2272	2124	2017-04-14 17:13:11	1440	900	6	182	13	1	PL	53.15	18.0
1	3	1	4	2	4	1	4	2	4	4	2	4	2	2	2	3	2	4	3	3	3	3	2	4	1	3	4	2	1	3	4	4	4	4	2	3	1	5	4	4	4	4	4	3	2	4	0	4	3	3234	3128	4050	2354	1714	2180	2314	1870	2986	1772	2430	2348	1610	1506	1578	2658	3978	2366	1210	1750	1646	1656	5200	1554	2108	1854	2634	2156	1138	1742	1834	2678	1576	1846	3168	2236	6824	5006	1506	2100	5590	3710	3024	4944	1862	1496	1716	0	2094	1804	2018-04-07 23:29:24	1440	900	6	125	7	1	US	21.3422	-157.8374
3	4	5	3	4	1	1	3	3	4	5	5	5	1	5	1	1	1	5	5	1	5	5	5	1	5	1	5	5	5	4	1	5	4	4	2	5	1	4	5	5	1	3	1	4	2	2	1	5	3	23674	5535	14923	3608	3006	2984	5208	5679	3081	2293	6159	4163	1129	3346	2639	5067	3318	1728	6399	1818	4822	2386	8767	4312	3243	5297	4894	4339	5913	38720	3694	5569	2813	6158	8286	2315	3541	18320	8020	17680	2302	8981	5428	2213	5137	12801	3550	4857	2584	2551	2016-10-20 17:27:49	1366	768	17	319	20	1	KE	1.0	38.0
4	1	3	2	5	1	3	4	2	3	4	2	5	3	2	3	3	3	4	2	1	5	2	5	1	5	1	5	3	5	4	1	4	1	2	3	5	3	5	3	5	1	5	1	5	1	5	4	5	5	8445	4208	3363	3043	2066	2474	3844	4922	3310	4090	4082	3416	5008	3471	4335	5712	2690	4406	3644	6374	2886	2384	3011	2173	2036	2468	2138	2846	6368	2034	2516	4604	2100	4232	4710	4516	4874	4530	1586	5082	1426	2988	1140	3998	1971	1676	2878	2950	2722	1153	2018-09-04 13:55:39	1440	900	33	175	12	1	US	39.8965	-82.4202
3	1	5	3	5	1	1	4	5	5	5	5	5	4	5	5	5	1	5	4	1	5	1	5	5	5	1	5	5	5	2	5	5	5	1	5	5	1	1	3	2	3	5	3	5	1	5	1	5	5	19953	3453	1368	2722	1670	2740	2326	1098	1173	3279	6109	1407	5569	5737	1392	865	4893	2230	3896	10392	9203	1507	2546	2020	2181	1395	5412	5084	6190	3851	1030	2353	2830	5403	9415	4585	5719	12147	8002	6009	3637	4895	1428	5709	3585	2293	1212	3307	2468	1704	2018-05-12 17:34:57	375	812	12	211	75477	1	US	40.7684	-73.5251
3	3	5	3	4	3	5	5	1	5	4	5	3	1	1	1	3	1	4	1	1	5	1	2	3	4	4	3	3	4	5	1	4	4	1	1	5	3	4	5	2	5	2	4	4	4	4	3	3	2	6154	3484	5534	2614	2538	2563	2915	2718	3454	10718	3316	2836	2330	14650	2330	5519	3749	2468	764	5301	3815	2204	3218	2787	2964	768	3633	3312	4085	2550	3339	11001	1869	5535	2737	7134	2655	3039	15885	2265	3158	3031	3003	2161	4155	1965	2180	3629	4035	4350	2016-10-06 14:00:45	320	568	519	501	34951	12	US	33.2148	-97.1331
2	4	4	4	2	4	4	5	2	5	5	4	5	2	2	5	3	3	3	4	2	5	1	4	2	5	2	4	4	5	4	1	5	3	4	1	4	2	4	4	3	3	3	3	4	4	4	2	4	3	20011	5327	5401	847	3163	5643	4307	3554	3662	3413	4447	4072	36227	5141	4799	3198	3195	942	5570	3681	8499	4022	4089	4084	6063	3008	5112	4936	4490	6880	3625	4307	3496	5974	3867	5266	3157	11988	3489	15629	15625	12990	4101	6026	5071	4659	3437	9038	8196	4332	2017-05-03 11:48:13	360	640	51	315	27	1	IE	53.3478	-6.2597
5	3	4	3	4	4	2	4	5	4	3	3	4	5	2	4	3	2	3	4	3	4	1	4	4	3	3	4	4	3	4	3	5	5	2	3	4	3	1	3	2	3	3	4	3	3	4	2	4	4	2658	505	623	679	894	676	1174	356	893	567	683	531	1889	576	637	761	845	910	724	481	483	1212	1798	824	428	645	8650	435	839	956	793	568	1173	753	3252	429	716	552	2769	873	1082	395	1415	709	941	1486	1303	2974	856	498	2018-02-10 18:02:17	1920	1080	2	57	7	3	CA	45.3155	-75.837
4	1	2	3	5	1	5	2	5	2	4	4	4	2	4	4	2	1	2	2	4	4	4	2	2	2	4	2	1	4	2	2	4	4	1	4	4	5	1	4	2	2	4	1	3	1	4	2	4	5	67475	3339	3073	4776	7222	6357	4072	3609	2690	6770	3618	2657	5095	7283	4556	11023	2487	10511	2729	4036	20282	5850	3604	4635	2472	3132	6805	9722	3936	2444	2329	8389	3406	5279	4817	8762	3038	1684	4249	3426	3970	9381	2678	10851	6142	7089	2326	5095	3609	9143	2017-09-13 07:17:02	360	640	25	338	11	1	IT	42.8333	12.8333
4	1	5	1	5	1	4	4	5	1	3	3	3	3	3	4	4	3	3	2	1	5	1	5	1	5	1	4	4	4	3	3	5	3	3	3	3	1	3	3	5	1	5	1	5	1	3	3	5	5	21644	15102	17305	30488	14169	10150	35403	6283	4698	5720	9599	14420	28136	9703	10119	31690	5415	984	915	10952	8484	19167	13932	5618	7835	9002	5001	4519	3887	7632	7334	12968	51476	26299	7950	7616	5069	21337	15617	5618	15120	6583	14434	5550	11218	7467	9402	32770	3984	3467	2018-06-18 15:20:15	414	736	32	646	23	1	US	38.0	-97.0
1	5	1	5	1	5	1	5	1	5	5	1	5	1	3	5	3	2	4	4	4	3	3	4	3	4	5	3	4	4	3	3	4	4	2	5	1	3	1	4	3	3	4	3	3	4	4	3	4	4	7507	1903	2088	2273	5766	2064	7384	3522	2409	2000	2047	2624	1710	2825	2296	2288	2401	18160	2078	1633	2452	2056	3345	2831	9777	2200	3064	3763	4312	5928	3408	3552	1745	2056	2400	3832	1912	16881	3200	24616	2648	2583	1928	3568	2312	2944	1760	1944	2161	2855	2018-09-13 07:42:44	1366	768	11	206	11	1	PH	14.6414	121.1118
2	2	2	3	2	4	3	5	3	2	4	3	5	2	2	3	3	2	3	4	5	4	1	2	2	2	2	4	2	1	1	5	3	5	1	5	3	4	3	3	5	1	4	1	5	2	3	5	0	4	9279	2966	4222	3670	4372	4238	8390	5452	4254	833	3805	2186	2344	3235	3606	4072	3819	58424	3544	5066	8405	3838	4648	5335	3450	4553	2139	4411	5256	7596	3549	4054	21965	1610	1554	914	2461	8500	2336	68144927	1459	1996	1411	2240	4110	2888	3748	979	0	7466	2016-06-20 21:27:59	1920	1080	1126	68417	8	2	US	32.7081	-79.9438
4	2	4	3	4	2	4	3	4	2	4	3	4	1	2	2	3	3	3	5	2	5	4	4	2	4	2	4	4	4	4	3	4	4	3	2	3	3	2	3	5	2	4	1	4	2	4	5	5	4	8854	901	2868	5378	3052	2936	4667	6024	7238	3029	2797	4322	4799	5008	3267	4099	3883	11703	2738	3349	4089	5884	3071	7638	3780	2747	4596	5132	7570	3019	4948	6082	3801	3849	4883	3604	3320	5963	3473	5053	2833	3461	4952	2924	3418	3719	2980	3649	6836	1379	2018-05-10 01:29:07	320	568	7	223	8	1	SE	59.3294	18.0686
1	4	2	5	4	2	2	5	1	5	5	3	5	1	2	0	4	4	4	4	1	3	1	5	3	5	4	4	5	4	2	5	3	2	1	5	4	1	4	5	4	1	5	2	4	1	5	4	5	5	3500	5392	3375	2040	7423	2719	5025	3952	2343	1904	4087	7560	1640	2376	3416	0	1656	3193	1664	2112	14093	2256	1681	1976	4249	2186	3663	2623	1760	1600	7209	1720	2691	4240	3079	4430	1264	1792	2712	1888	1856	3184	1472	13408	2137	3203	4104	1977	1904	936	2018-11-04 18:14:59	1366	768	35	170	12	1	BN	4.8833	114.9333
4	1	5	2	5	1	5	2	5	2	3	2	2	4	2	3	2	1	3	1	3	5	2	3	2	2	2	4	2	3	1	5	4	5	1	5	1	2	1	3	5	1	5	1	5	1	5	4	4	5	8627	2819	5712	5063	3171	2460	4254	2379	2959	4990	2963	2805	2932	6232	3155	5026	3168	2399	4137	3301	3324	2644	3108	6231	8924	3897	4806	5728	2807	3060	3689	2552	4399	2516	2732	4066	1579	3578	2643	5242	3117	3217	3112	3053	2607	3714	3066	3843	6656	2240	2018-09-07 07:58:46	412	732	26	192	7	1	NONE	NONE	NONE
1	5	3	5	2	4	2	4	2	4	2	5	4	2	2	2	2	2	2	3	4	2	2	2	4	4	4	2	2	3	4	2	4	3	2	2	4	2	4	4	4	3	4	4	4	2	3	2	5	4	2406	6480	3839	4744	3400	2200	2064	1992	2744	2536	3200	5656	1568	1952	2040	1456	2192	1704	1504	2096	6135	2159	1720	1872	2008	1384	1567	2168	2048	1817	3847	2873	3049	2104	1840	2512	1449	2384	1600	1903	1793	9008	1744	4080	4248	2992	3592	2848	1616	1712	2018-09-05 18:40:57	1920	1080	8	137	6	155	US	38.0	-97.0
2	3	3	4	3	1	1	5	1	4	5	2	5	4	4	5	4	4	5	4	1	4	2	5	2	4	3	4	5	4	3	2	4	3	4	1	5	2	3	3	3	2	4	2	2	1	3	2	4	3	10673	2151	5291	4065	14491	3294	42502	2203	4433	6994	4131	2143	2003	2201	2268	13141	2583	1719	3016	18219	10517	2772	3867	2482	3370	1775	2172	3213	6178	3060	2377	3383	11195	27970	6053	2914	2951	5766	8533	8871	4734	2642	1900	2745	3382	8005	2435	2384	3728	2091	2018-09-11 14:54:34	1536	864	2	465	13	1	US	41.682	-85.9767
4	4	4	2	5	2	5	2	3	2	4	3	4	3	4	2	3	2	2	2	1	4	2	5	4	4	3	4	4	4	4	2	4	2	3	2	4	3	4	3	3	2	4	2	4	2	3	3	4	4	13728	8614	2840	2140	2034	5032	1834	2780	3242	7044	1942	1994	1360	2224	1098	1862	3654	2958	1600	1248	3198	1560	1538	2598	6866	4450	2214	3050	3190	3996	1530	3754	6876	1772	1278	2990	1702	1712	4310	2244	2174	3664	1110	3190	3472	1710	2354	2376	1730	1288	2018-03-21 10:31:02	1536	864	24	154	12	36	US	38.0	-97.0
3	2	4	4	4	2	4	4	3	4	4	4	2	4	2	4	4	4	4	2	2	4	1	4	2	4	4	3	4	4	4	4	5	2	4	3	4	3	3	3	2	5	3	5	4	3	5	3	4	4	55485	5555	4805	15418	17289	17877	9368	5277	18292	9303	10301	4612	9098	10761	101770	3920	7378	13041	9378	3507	218030	4682	19505	13410	16184	5544	6129	6855	9440	28700	68326	30183	21849	19459	11622	13811	3361	3847	8541	9003	8069	16025	2234	15250	10242	5811	4732	2062	1082	7532	2017-05-27 19:44:05	1366	768	154	3243	49	1	VN	21.0333	105.85
1	3	3	2	3	2	2	4	3	4	2	2	3	5	3	3	2	2	2	1	1	3	2	3	3	2	2	3	3	3	5	1	5	1	4	1	4	1	4	4	4	1	3	2	3	2	4	3	4	3	4113	5508	2188	2961	2992	3376	4924	9140	6796	4255	10284	6800	2880	3972	3641	2633	7941	1312	2420	3064	3388	1888	4540	3519	6489	2384	6636	3679	2204	5180	13259	8808	4008	2868	8239	5900	2808	4153	2992	3664	2816	5376	2616	5048	4687	3967	8352	3624	5392	2292	2018-09-07 11:05:22	1920	1080	20	234	20	13	US	46.8387	-117.6443
3	1	5	1	5	1	5	2	5	4	4	5	5	1	5	5	2	3	5	1	1	5	5	5	1	1	1	1	5	5	5	1	5	1	4	1	5	1	5	5	4	1	1	4	5	2	5	4	5	5	3852	2656	1952	560	1992	5872	1816	2976	2032	3016	3360	2824	1632	688	1872	1256	1376	2224	1368	912	2694	1920	1928	1536	1305	1360	3208	2456	1464	2640	1824	2664	3152	1960	1695	11864	960	1688	1096	1256	2688	3448	5704	3192	3824	1736	1544	4224	1080	1072	2017-12-07 10:29:59	1920	1080	10	123	3	4	US	47.5962	-120.6615
3	1	5	5	5	3	2	5	1	4	5	3	5	3	3	2	1	1	3	1	4	4	1	5	3	5	3	5	5	5	1	1	5	1	5	1	5	4	2	3	3	3	5	1	4	1	3	3	5	5	8599	3768	1094	4397	2813	43078	4139	2718	8126	6349	2613	4748	3499	3714	3155	8247	3765	2702	3028	8354	9830	3743	4928	3428	12836	2295	4665	3717	3394	10715	2833	3992	2435	2540	3946	3723	3671	5265	3297	10716	2700	16982	2237	4570	17115	2965	3002	1706	4702	2872	2018-08-02 20:15:30	414	736	557	552	13	1	NONE	NONE	NONE
1	4	2	4	4	2	2	5	1	5	4	1	5	1	3	1	2	1	1	4	1	3	1	5	1	5	1	4	4	3	3	4	4	2	2	3	4	1	4	5	3	1	3	1	3	3	4	3	5	3	3580	5768	3024	2039	2887	11912	20454	7495	18590	2192	5488	9728	2680	3839	10279	4816	3857	2687	3111	4711	3150	3552	3814	10255	3857	2424	19562	5104	6223	3544	1936	10055	2319	6049	6464	6351	2391	6584	2880	4456	6159	4943	7856	3040	3712	4760	5182	5025	4200	2008	2018-09-13 08:22:06	1024	768	16	288	13	1	US	41.5261	-87.8892
3	3	3	2	3	2	3	5	2	4	3	4	3	3	1	2	2	1	3	1	2	2	2	4	3	4	3	3	3	4	2	3	4	3	2	3	5	1	2	3	4	1	3	1	3	1	4	3	4	3	6420	2035	2469	4737	6852	42585	3919	10490	10555	2937	2118	4152	1718	7458	4053	5338	3135	3413	1050	3032	4169	2571	5521	2632	2698	5307	4136	2430	2285	3284	2869	2898	1981	3617	4354	880	5035	4072	2585	4053	5085	4436	2354	933	2336	7068	2802	756	7469	18010	2016-10-06 02:03:38	375	667	8	249	13	1	AU	-34.0667	151.1167
4	2	5	1	5	1	5	2	5	3	4	3	5	3	1	3	3	3	4	1	2	4	3	4	3	5	3	3	4	4	4	5	5	5	2	5	2	3	2	5	5	1	5	3	5	2	4	4	5	5	3287	4126	2222	3446	2416	1704	3280	2405	2206	1278	3570	4802	3266	1982	3198	1501	2356	1037	3801	2416	3263	2044	4223	1966	2098	3980	2252	2354	2990	3530	4768	2600	1467	4644	2236	1842	1986	2432	1254	2060	1270	3158	1874	3608	1408	4541	3284	3971	5341	1050	2016-09-11 08:25:32	1280	720	7	139	14	1	US	36.6915	-79.8725
3	4	2	3	4	2	2	3	3	3	4	3	2	3	4	4	4	3	4	3	4	4	4	4	2	2	2	2	3	3	2	4	5	4	1	4	4	3	2	4	5	1	5	1	3	1	5	5	5	5	1161	6284	2666	3689	3258	2215	6090	2487	2583	3366	4103	4472	1953	3274	3644	2597	2736	3575	2142	2216	11428	1986	4461	2492	3832	2172	2980	3912	6679	3376	750	4985	2006	2515	3642	4761	1670	4569	1470	3115	1972	4538	2923	2576	2022	2046	2813	3455	3494	2606	2018-04-24 10:07:32	375	667	7	168	12	2	AU	-27.0	133.0
5	4	3	5	1	3	2	1	4	4	5	3	3	3	5	5	3	2	3	3	2	5	1	5	3	5	2	1	5	3	5	3	3	4	3	5	5	2	3	3	2	5	5	1	3	3	2	3	2	2	120387	12456	11563	6566	6496	8784	13341	15024	18192	23640	7207	5168	4871	14400	7247	5568	15920	15060	9389	9096	16856	5672	10712	13016	16416	6704	21985	13272	14312	5808	11832	16408	24570	33360	4944	21528	4720	32992	6848	22705	71103	12600	13359	17497	9225	12512	3464	12576	10496	14048	2017-12-18 22:01:27	1366	768	3	822	34	28	LK	7.0	81.0
4	1	5	2	4	2	4	3	4	4	5	2	5	2	2	4	4	4	4	4	1	5	2	5	2	4	2	2	4	3	2	3	4	5	4	4	4	2	4	3	4	2	4	2	3	2	2	2	4	4	10290	1066	3517	2435	519937	2435	2466	2036	2251	1668	1701	2936	1584	2868	5607	1367	1871	1767	1834	2617	3703	1618	1711	26602	11586	5085	2119	1953	1969	6636	2417	3836	1641	20334	2084	1918	2266	1933	2767	3353	3502	2335	1284	12306	2247	1936	2064	2334	1900	1547	2017-03-07 19:13:16	1280	800	4	711	12	1	US	41.538	-90.5531
1	4	4	4	2	4	2	5	2	5	4	3	5	3	3	5	5	5	5	3	1	5	1	5	1	5	4	5	5	5	5	3	5	2	3	4	5	1	5	5	5	1	5	1	5	1	5	4	5	5	6426	3167	5783	3017	3401	2301	5335	2183	3667	2802	3552	2900	2817	3465	4385	51648	1885	2901	2036	8235	816	2316	2168	4014	4805	2270	4068	4834	2000	2727	5116	5285	2067	5771	3261	4116	2182	7152	3783	4306	2667	5285	1950	3203	1796	3077	2633	4099	4049	1483	2016-09-20 09:44:16	414	736	13	227	11	2	US	39.9182	-75.0713
3	4	3	5	3	2	1	3	2	4	3	2	2	3	0	2	1	1	2	1	1	4	4	4	3	5	2	3	5	4	5	0	4	1	5	2	4	1	4	4	4	1	1	4	5	3	5	4	5	5	4310	4796	2370	3092	2422	3073	8588	2509	2502	3702	1558	5697	5159	11593	0	1881	2574	1930	7076	1406	5708	4692	3758	1883	3034	7280	1500	3213	2182	3304	7171	0	2120	3009	2444	4113	3306	1425	2964	2629	3794	2770	3830	4427	2418	3378	2016	3125	1437	2084	2017-02-23 08:12:06	1440	900	22	173	9	1	US	61.1777	-149.6384
2	2	3	3	4	1	1	2	2	5	4	2	4	2	2	3	2	3	1	4	1	5	1	5	1	5	1	5	5	4	4	1	5	2	5	5	5	1	5	5	5	2	5	1	5	1	4	5	5	5	17753	5346	9922	5925	4672	25715	3059	7745	4690	2528	10543	8422	2831	3263	4053	3966	10710	4654	1965	3885	5853	7116	4145	7375	2195	7374	4318	2380	2173	3617	3060	10713	2378	14376	1956	6935	1690	1543	1652	2065	1228	9002	3306	3302	2319	1839	4229	2025	6030	1986	2018-10-21 14:13:20	1138	640	20	284	15	3	US	34.1483	-84.1404
2	3	3	5	4	2	1	5	1	3	5	2	5	2	2	3	5	4	4	3	1	5	2	5	3	1	1	5	5	4	3	1	5	3	2	2	5	2	5	4	2	2	5	3	3	1	4	2	4	3	36373	6110	4422	2098	5022	3073	3725	3235	3451	9425	4922	2728	2300	4699	4381	3956	3020	10018	3539	5464	7552	3050	12023	2083	8363	6100	2588	3115	2869	14851	4705	4084	3334	4523	5427	8399	1933	8767	4080	14373	5133	4838	1456	21565	10924	3455	3034	4254	3449	3642	2018-06-07 09:17:36	1366	768	3	307	5	2	GB	54.5709	-1.2466
4	3	4	5	4	5	3	5	3	5	3	5	5	3	5	4	5	3	4	3	4	5	5	0	5	5	3	5	3	5	5	5	5	3	3	5	5	3	5	5	3	3	3	3	5	1	5	5	5	3	10004	3958	10717	3454	9254	2715	9348	4114	5565	3569	4788	5214	2383	8465	2843	8323	2187	2142	2773	4859	1008	947	3343	0	4433	2125	3389	5036	2820	4098	6702	5159	5292	3820	6820	859	3053	2275	2034	633	3193	1043	3691	581	2217	3327	2372	721	8218	4823	2018-07-02 00:28:18	360	640	6	203	13	2	NONE	NONE	NONE
2	2	2	4	2	2	1	5	1	5	5	2	5	1	4	3	2	3	2	5	1	5	3	4	1	5	2	3	5	2	4	4	4	3	3	3	4	1	5	4	5	2	5	2	4	1	4	4	5	5	3379	1762	3216	1723	2295	1282	1851	2856	1658	1169	2063	5000	1250	1847	3521	5785	3353	7920	3137	1397	2134	1958	1579	3210	2996	2495	4839	3361	1864	4146	1434	1834	4322	4807	2121	2896	1249	2067	1858	1908	1507	1650	1574	1715	1434	2303	2877	3025	2043	1876	2018-03-11 14:29:21	1440	900	11	131	7	1	US	41.8267	-71.3977
4	2	5	2	4	2	4	2	4	4	2	4	3	4	2	2	3	2	2	2	2	4	2	4	2	5	2	4	5	4	2	5	3	2	2	4	2	2	4	4	5	1	4	1	4	2	5	4	4	5	24050	5743	3744	4256	3117	4921	6908	7016	2846	5288	6274	13647	4170	3889	3841	2547	6938	3570	4237	2769	13525	8366	6080	4013	5431	4950	3696	4533	2721	2894	3756	7489	3665	6116	2297	5800	3851	7488	14260	2161	5318	4343	4013	5798	2682	4748	4043	4641	3445	2422	2016-08-25 19:36:59	1600	900	9	276	15	1	US	44.069	-123.0825
